word,
Gatekeeper,
Victim,
Cunt,
Flex,
Steroids,
Methwitch,
Crystal,
Meth,
Dumpster,
Mcdonalds,
Nuggets,
Poor,
Priest,
Anatomy,
PipeSmoker,
Instaban,
FakeScience,
Charitycase,
SJW,
Gandalf,
LovesMarcel,
ShitCleans,
KellinQuinn,
Salty,
Vallecula,
Cuneiform,
Closeted,
Toxic,
HarryGoatleaf,
JayInbetweeners,
Lies4Lyf,
Chandler,
Chanandler,
Middlebroke,
PaypalMe,
10Dollars,
Heisenberg,
JessePinkman,
SkinnyPete,
ClosetedRacist,
ProGenocide,
ProTrump,
NegativeBiden,
Confederate,
IndigenousPoacher,
RichardSpencer,
WhitehoodBrooks,
KidExploiter,
PedoChandler,